{"cameraMode":{"drawMode":0,"name":"Shaded","section":"Shading Mode"},"sceneLighting":false,"audioPlay":false,"sceneViewState":{"m_AlwaysRefresh":false,"showFog":true,"showSkybox":false,"showFlares":true,"showImageEffects":true,"showParticleSystems":true,"showVisualEffectGraphs":true,"m_FxEnabled":true},"in2DMode":false,"pivot":{"x":82.81138610839844,"y":0.9200705289840698,"z":-81.30986785888672},"rotation":{"x":-0.025894323363900186,"y":0.8114895820617676,"z":-0.036063700914382938,"w":-0.5827568769454956},"size":2.7165255546569826,"orthographic":false}