{"cameraMode":{"drawMode":0,"name":"Shaded","section":"Shading Mode"},"sceneLighting":true,"audioPlay":false,"sceneViewState":{"m_AlwaysRefresh":false,"showFog":true,"showSkybox":false,"showFlares":true,"showImageEffects":true,"showParticleSystems":true,"showVisualEffectGraphs":true,"m_FxEnabled":true},"in2DMode":false,"pivot":{"x":-184.58848571777345,"y":-69.44359588623047,"z":-140.90773010253907},"rotation":{"x":0.0011147927725687624,"y":-0.9604726433753967,"z":0.27858036756515505,"w":0.004028513561934233},"size":95.1391830444336,"orthographic":false}