{"cameraMode":{"drawMode":0,"name":"Shaded","section":"Shading Mode"},"sceneLighting":true,"audioPlay":false,"sceneViewState":{"m_AlwaysRefresh":false,"showFog":true,"showSkybox":false,"showFlares":true,"showImageEffects":true,"showParticleSystems":true,"showVisualEffectGraphs":true,"m_FxEnabled":true},"in2DMode":false,"pivot":{"x":346.8420104980469,"y":267.50579833984377,"z":-116.68940734863281},"rotation":{"x":-0.10300738364458084,"y":0.02148420922458172,"z":-0.0022584281396120788,"w":-0.9944942593574524},"size":221.0532684326172,"orthographic":false}