{"cameraMode":{"drawMode":0,"name":"Shaded","section":"Shading Mode"},"sceneLighting":true,"audioPlay":false,"sceneViewState":{"m_AlwaysRefresh":false,"showFog":true,"showSkybox":false,"showFlares":true,"showImageEffects":true,"showParticleSystems":true,"showVisualEffectGraphs":true,"m_FxEnabled":true},"in2DMode":false,"pivot":{"x":-219.07298278808595,"y":14.819811820983887,"z":6.9333906173706059},"rotation":{"x":0.07503567636013031,"y":-0.2616506516933441,"z":0.021037738770246507,"w":0.9621142745018005},"size":11.405284881591797,"orthographic":false}