{"cameraMode":{"drawMode":0,"name":"Shaded","section":"Shading Mode"},"sceneLighting":true,"audioPlay":false,"sceneViewState":{"m_AlwaysRefresh":false,"showFog":true,"showSkybox":false,"showFlares":true,"showImageEffects":true,"showParticleSystems":true,"showVisualEffectGraphs":true,"m_FxEnabled":true},"in2DMode":false,"pivot":{"x":-359.73492431640627,"y":-43.96548843383789,"z":-137.73751831054688},"rotation":{"x":0.05297726020216942,"y":-0.8891891837120056,"z":0.10636688768863678,"w":0.4420834183692932},"size":102.22317504882813,"orthographic":false}