{"cameraMode":{"drawMode":0,"name":"Shaded","section":"Shading Mode"},"sceneLighting":true,"audioPlay":false,"sceneViewState":{"m_AlwaysRefresh":false,"showFog":true,"showSkybox":false,"showFlares":true,"showImageEffects":true,"showParticleSystems":true,"showVisualEffectGraphs":true,"m_FxEnabled":true},"in2DMode":false,"pivot":{"x":-235.3297119140625,"y":1.4411448240280152,"z":45.36509704589844},"rotation":{"x":0.014759796671569348,"y":-0.6965486407279968,"z":0.014528465457260609,"w":0.7173032760620117},"size":1.2895448207855225,"orthographic":false}