{"cameraMode":{"drawMode":0,"name":"Shaded","section":"Shading Mode"},"sceneLighting":true,"audioPlay":false,"sceneViewState":{"m_AlwaysRefresh":false,"showFog":true,"showSkybox":false,"showFlares":true,"showImageEffects":true,"showParticleSystems":true,"showVisualEffectGraphs":true,"m_FxEnabled":true},"in2DMode":false,"pivot":{"x":-214.77574157714845,"y":0.22687295079231263,"z":-34.276153564453128},"rotation":{"x":0.01009812019765377,"y":-0.9867400527000427,"z":0.06759757548570633,"w":0.14731204509735108},"size":1.2431175708770753,"orthographic":false}