{"cameraMode":{"drawMode":0,"name":"Shaded","section":"Shading Mode"},"sceneLighting":false,"audioPlay":false,"sceneViewState":{"m_AlwaysRefresh":false,"showFog":true,"showSkybox":false,"showFlares":true,"showImageEffects":true,"showParticleSystems":true,"showVisualEffectGraphs":true,"m_FxEnabled":true},"in2DMode":false,"pivot":{"x":-30.577104568481447,"y":1.4509282112121583,"z":-23.0799560546875},"rotation":{"x":0.005516638047993183,"y":-0.9936559200286865,"z":0.05519987642765045,"w":0.09869196265935898},"size":0.7746058702468872,"orthographic":false}