{"cameraMode":{"drawMode":0,"name":"Shaded","section":"Shading Mode"},"sceneLighting":false,"audioPlay":false,"sceneViewState":{"m_AlwaysRefresh":false,"showFog":true,"showSkybox":false,"showFlares":true,"showImageEffects":true,"showParticleSystems":true,"showVisualEffectGraphs":true,"m_FxEnabled":true},"in2DMode":false,"pivot":{"x":3.8128604888916017,"y":0.326736718416214,"z":-5.023858547210693},"rotation":{"x":0.07372565567493439,"y":0.02184874378144741,"z":-0.001612198306247592,"w":0.9970492720603943},"size":11.647315979003907,"orthographic":false}